code,nom,email,telephone,actif,remarque,frequence,template_id
564,ALESIA FLEURS,,,1,,mensuel,
4562,ASK MINI MARKET,,06.95.29.95.09,1,difficile,hebdo,
4739,LES FLEURS DU POINT DU JOUR,,06.22.64.45.53,1,,quinzaine,
3644,ACANTHE,,01.43.01.22.89,1,,mensuel,
1566,ADRIANE M,,01.42.22.22.46,1,,hebdo,
2252,AG2E,,06.66.61.44.69,1,,quinzaine,
227,AGC Géraldine CORTHIER,,01.75.33.09.54,1,,mensuel,
4882,ALD DISTRIBUTION,,06.75.64.75.77,1,,hebdo,
1207,ALINE CREATIONS,,01.49.77.70.84,1,,mensuel,
295,LE STUDIO,soniiahamm@gmail.com,06.59.10.36.82,1,,hebdo,relance_rappel_1
3716,QUENNEJEANFRANCK,,06.77.94.29.18,1,,quinzaine,
3804,LES FLEURS POURLA MAISON,,06.59.10.36.82,1,,hebdo,
